user_pseudo_id,experiment_number,experiment_group,AdRev_D0,IAPRev_D0,total_ad_revenue,total_iap_revenue,total_revenue
23dabb5df0cbcdae93c6f50fe5d0aa26,45.0,0.0,0.2999400403350591,0.0,0.2999400403350591,0.0,0.2999400403350591
5f4ed50295f771d428a7122b6cb4fec1,45.0,1.0,0.2975809872150421,0.0,0.2975809872150421,0.0,0.2975809872150421
63c43d4feed63243e26379a29c7b0525,45.0,0.0,0.0,0.0,0.0,0.0,0.0
87aa3772785871ecb1969722525d52dc,45.0,0.0,0.5155859105288982,0.0,0.5155859105288982,0.0,0.5155859105288982
8e29eb2596a5bb3450802b25dc842fdc,45.0,0.0,0.2000637799501419,0.0,0.2000637799501419,0.0,0.2000637799501419
a5aef1398157008ae4a8853461993ee2,45.0,0.0,0.0,0.0,0.0,0.0,0.0
a9169fdf3a0f10d76c03fc3d3ca8bfe3,45.0,1.0,0.0,0.0,0.0,0.0,0.0
aeaa3364b1520c002340882e5050aed8,45.0,0.0,0.0,0.0,0.0,0.0,0.0
c333ed85b223feaa1d4a140f75cb9b1b,45.0,1.0,0.0244455626234412,0.0,0.0244455626234412,0.0,0.0244455626234412
e3a051ac9341b4ab1efe2206fe40065a,45.0,0.0,0.0205089822411537,0.0,0.0205089822411537,0.0,0.0205089822411537
e56e5c79d6a73b7348fa0afe3cb40952,45.0,0.0,0.0,0.0,0.0,0.0,0.0
f1190df63aaf2eaccadb6773c1f5c994,45.0,1.0,0.0,0.0,0.0,0.0,0.0
fc8e8baa10b9714b5306c0305b932620,45.0,1.0,0.0,0.0,0.0,0.0,0.0
fd0ab5b0ff4e888f120a8c2fe621d6c4,45.0,1.0,0.0,0.0,0.0,0.0,0.0
d7cd9ff2781d4ace22802a7d41954494,45.0,1.0,0.0,0.0,0.0,0.0,0.0
d84e44f242c9d111cadbb3b772fc0c9c,45.0,1.0,0.1134900912875309,0.0,0.1134900912875309,0.0,0.1134900912875309
bc997e739edb2b60978ae4af405d220f,45.0,1.0,0.0,0.0,0.0,0.0,0.0
dd64eb1e76940256f46c19e03dad4868,45.0,0.0,0.0,0.0,0.0,0.0,0.0
8c6f40119c7b386097293a2ed8add3b0,45.0,0.0,0.0,0.0,0.0,0.0,0.0
be3c046bed3fe0197aa3391b1b9988df,45.0,0.0,0.0693910904228687,0.0,0.0693910904228687,0.0,0.0693910904228687
e4d9c7119058f18bd99270212e14a7e0,45.0,1.0,0.0,0.0,0.0,0.0,0.0
eb87086666a37c2e674e0a8923ec4fcd,45.0,0.0,0.0,0.0,0.0,0.0,0.0
be82220a4664786978bc7d5fe55f89a2,45.0,1.0,0.0198104009032249,0.0,0.0198104009032249,0.0,0.0198104009032249
d6714634c5721a8e0ca12c54c1d77faa,45.0,0.0,0.0,0.0,0.0,0.0,0.0
8e4614e732978498bec7d6851b213af1,45.0,1.0,0.0,0.0,0.0,0.0,0.0
a2a3d9af7106d73aa0d65c2860a7f438,45.0,0.0,0.0,0.0,0.0,0.0,0.0
90cd7763440fb718c3cea2c582205cae,45.0,1.0,0.0,0.0,0.0,0.0,0.0
ff09fd343931d030ad6f472699c7923e,45.0,1.0,0.0,0.0,0.0,0.0,0.0
1626702531da3487c8df6459d215ca46,45.0,1.0,0.0,0.0,0.0,0.0,0.0
6fa653b28b73289c1103573299bd17b7,45.0,1.0,0.0088512285146862,0.0,0.0088512285146862,0.0,0.0088512285146862
b044b19cbc7a5bf3a773cea98664f1c3,45.0,1.0,0.0,0.0,0.0,0.0,0.0
00bb8dedf7ee4484444ede7d4f4bc0a9,45.0,1.0,0.0,0.0,0.0,0.0,0.0
40982cb7ebd30c2cdcc5fe8c992b5a84,45.0,0.0,0.0252545167168136,0.0,0.0252545167168136,0.0,0.0252545167168136
95a2af0fa5e23c89579d983b9b543bb0,45.0,1.0,0.0197209762409329,0.0,0.0197209762409329,0.0,0.0197209762409329
2651ec6e1e5c88509f2f0602c48dac58,45.0,0.0,0.0,0.0,0.0,0.0,0.0
4a00684ebdbf1c0f4a7a21f10562ef8c,45.0,0.0,0.0064174998551607,0.0,0.0064174998551607,0.0,0.0064174998551607
786fdeb7ae1b932d68277f7bce32fa5a,45.0,1.0,0.0583452982828021,0.0,0.0583452982828021,0.0,0.0583452982828021
8e475939abb6463469c57137594ce827,45.0,1.0,0.0,0.0,0.0,0.0,0.0
9fa9921fe361f506cac9fa092c2871e6,45.0,0.0,0.9532733932137488,0.0,0.9532733932137488,0.0,0.9532733932137488
df04fc6448adc7f59ee414825ebeb74f,45.0,1.0,0.0,0.0,0.0,0.0,0.0
077b238306750c86ff2e5740f6151baf,45.0,1.0,3.2760807322338223,0.0,3.2760807322338223,0.0,3.2760807322338223
20d0f68166ac2962462a181bdfd43a66,45.0,1.0,0.0,0.0,0.0,0.0,0.0
79925ce27b294c7d478be6a29a84c879,45.0,1.0,0.0,0.0,0.0,0.0,0.0
c8f87d78b8317ac38f68dd1395de7286,45.0,1.0,0.0,0.0,0.0,0.0,0.0
ff575d416ac8efb2b9ace04b8e4ace70,45.0,0.0,0.0,0.0,0.0,0.0,0.0
17afe84bae3a091b5c70eca661c41147,45.0,0.0,0.0,0.0,0.0,0.0,0.0
2f65e6b2c191baaa13c45064441c16fd,45.0,1.0,0.0,0.0,0.0,0.0,0.0
5ecba482662dc566d6070dfb3c16b54d,45.0,1.0,0.0079546198248863,0.0,0.0079546198248863,0.0,0.0079546198248863
73fa3fb034200a3ab3cfa231cf7999cc,45.0,0.0,0.3797618150711059,0.0,0.3797618150711059,0.0,0.3797618150711059
bb259a42347daff3c2a4445ea43b7530,45.0,1.0,0.0457500964403152,0.0,0.0457500964403152,0.0,0.0457500964403152
48347f9dd397e2905bf4c0d1f66d1ee4,45.0,1.0,0.0,0.0,0.0,0.0,0.0
b6235b5742c21b5c9c284e73929e1b30,45.0,0.0,0.0,0.0,0.0,0.0,0.0
318ee93269ab383d41d03c2279a1402a,45.0,0.0,0.0,0.0,0.0,0.0,0.0
913b6e43339057cf9f98107676440829,45.0,0.0,0.0,0.0,0.0,0.0,0.0
3ddacdc0e899a121894d06f15a74bf9c,45.0,0.0,0.0300450213253498,0.0,0.0300450213253498,0.0,0.0300450213253498
b0dc71a229862e52c57b3f6484b48160,45.0,0.0,0.0,0.0,0.0,0.0,0.0
0c40e02db528ddc054e7d3348ba778a5,45.0,1.0,0.0068991999141871,0.0,0.0068991999141871,0.0,0.0068991999141871
12c5c7b40b3907d38d029320efc5670f,45.0,1.0,1.4702938124537468,0.0,1.4702938124537468,0.0,1.4702938124537468
29b49b5ee0032adc45c0dde3a0269d34,45.0,1.0,0.0,0.0,0.0,0.0,0.0
73f645db5ee72e76a0bfd0c3c1a0120c,45.0,0.0,0.0,0.0,0.0,0.0,0.0
967945a6bb6e8e806fc5400f954a1883,45.0,1.0,0.0,0.0,0.0,0.0,0.0
2bd2a3dfc5e7204b459c2d466711e70d,45.0,0.0,0.0,0.0,0.0,0.0,0.0
f494ee6f3acd64775a61c41f38dde906,45.0,0.0,0.0,0.0,0.0,0.0,0.0
9e68810d903543a0689004839de9fd16,45.0,1.0,0.0,0.0,0.0,0.0,0.0
827e28697785385dcf0946ce7e087a88,45.0,1.0,0.0,0.0,0.0,0.0,0.0
217767ecb12f5105cf3878efe3fe1e9f,45.0,1.0,2.498845100402832,0.0,2.498845100402832,0.0,2.498845100402832
ff45d9f47871cc27d5bfbb16d321e6bd,45.0,1.0,0.0,0.0,0.0,0.0,0.0
232b43d621fe9ffd5d04af79f9d5509f,45.0,1.0,0.0,0.0,0.0,0.0,0.0
78ffe5c048d0184c6e861fba6e8f1ff9,45.0,0.0,0.0,0.0,0.0,0.0,0.0
2db8797c763c8efce15e965a947ffea3,45.0,0.0,0.005165247246623,0.0,0.005165247246623,0.0,0.005165247246623
9aed10ec7c86a60a1dab64078924d0ed,45.0,0.0,0.0,0.0,0.0,0.0,0.0
55fd2b6b543ed825cba2fd5772ab7d74,45.0,0.0,0.1399576440453529,0.0,0.1399576440453529,0.0,0.1399576440453529
f51a5527cd3d0a14581bb4ec203ae96d,45.0,0.0,0.0,0.0,0.0,0.0,0.0
9fa0f3f731373913c3ee15b5341cecaa,45.0,0.0,0.0,0.0,0.0,0.0,0.0
6ce0b7a10e8a09aa9e5ce41c076d00a2,45.0,1.0,0.0,0.0,0.0,0.0,0.0
44350ce55f8706f534b0d124b37ba058,45.0,0.0,0.08878805488348,0.0,0.08878805488348,0.0,0.08878805488348
3a1d0d688196a6763668635396fb0839,45.0,1.0,0.0205249991267919,0.0,0.0205249991267919,0.0,0.0205249991267919
a8bfb58923178d37b046d3181100cebd,45.0,0.0,0.3750495463609695,0.0,0.3750495463609695,0.0,0.3750495463609695
c819b88d8ba2db1062a19b94c8179855,45.0,0.0,0.0,0.0,0.0,0.0,0.0
3d42985d8c60c0ff586b2e82e2e2452b,45.0,0.0,0.0222545801661908,0.0,0.0222545801661908,0.0,0.0222545801661908
624f670403821c351c72f6bebf666c9f,45.0,0.0,0.7949768491089344,0.0,0.7949768491089344,0.0,0.7949768491089344
4bb46613b69c955cdf56e556dbb1c300,45.0,0.0,1.162838578224182,1.890667,1.162838578224182,1.890667,3.053505578224182
2a005662645851f96f85bf47deef0b3c,45.0,1.0,0.0,0.0,0.0,0.0,0.0
eb1e67711165a017cdf5e056aa610dc8,45.0,1.0,0.0,0.0,0.0,0.0,0.0
89a75af6ee28a603c6fd705800597d9e,45.0,1.0,0.0,0.0,0.0,0.0,0.0
f6bae21057da49d098eeb65a3435c680,45.0,0.0,0.0674897618591785,0.0,0.0674897618591785,0.0,0.0674897618591785
3941d1f51b796df9d50aacf17d566215,45.0,1.0,0.0069425273686647,0.0,0.0069425273686647,0.0,0.0069425273686647
37a36a5f47a471d5942b128009e35e42,45.0,0.0,0.0,0.0,0.0,0.0,0.0
427e838929ca6a35e25413687b1eb00a,45.0,0.0,0.0,0.0,0.0,0.0,0.0
7e98b7ff061c1aee553104ccd1310822,45.0,1.0,0.0,0.0,0.0,0.0,0.0
78d58e45ad0e0b3e868bcfef29efe8bf,45.0,0.0,0.0,0.0,0.0,0.0,0.0
0ea0534c270f81482ffbcaac90646d63,45.0,0.0,0.6454477878287435,0.0,0.6454477878287435,0.0,0.6454477878287435
8fa4dd55b1a235648a711c003bd6c621,45.0,0.0,0.0,0.0,0.0,0.0,0.0
06befc143725aca3a58288ad829de99a,45.0,1.0,0.0,0.0,0.0,0.0,0.0
ec520f7cd4f80b779da49fef2c00f3fd,45.0,1.0,0.0,0.0,0.0,0.0,0.0
50906e969724d9c9eb31b58e576b3695,45.0,1.0,0.0,0.0,0.0,0.0,0.0
543ebafa3ff6085c6e25ac99606beacb,45.0,0.0,0.0006759036914445,0.0,0.0006759036914445,0.0,0.0006759036914445
edead9e8d33c28ba8dfd9b10dce04ce8,45.0,1.0,0.0,0.0,0.0,0.0,0.0
4349c9d6101f5093959cc1eb652f97cb,45.0,1.0,0.0955996047705411,0.0,0.0955996047705411,0.0,0.0955996047705411
e9aa3d146cc654d999d834ac2d00b03b,45.0,1.0,0.0,0.0,0.0,0.0,0.0
86123e74382b3f5db09e0a86a7b9fade,45.0,1.0,0.0670513706281781,0.0,0.0670513706281781,0.0,0.0670513706281781
e0b0a221bb51d7cafca553c6b66ff776,45.0,0.0,0.0,0.0,0.0,0.0,0.0
2fa936fdbbc8a4bf201fed7d5b94bc91,45.0,1.0,0.0,0.0,0.0,0.0,0.0
ffa3bb54f5ad41324357777b174f5b5f,45.0,0.0,0.0147590469568967,0.0,0.0147590469568967,0.0,0.0147590469568967
411c4bd1bc42e1da6f5c4aec65ab4ff9,45.0,0.0,0.0,0.0,0.0,0.0,0.0
20d989b7a3a74f8c4f010c088b59ed00,45.0,1.0,0.0,0.0,0.0,0.0,0.0
d6f2edcc890fc6ce50a7e06d8474d770,45.0,0.0,0.0,0.0,0.0,0.0,0.0
6000c9e3d001142448a601d9ff13158f,45.0,0.0,0.0,0.0,0.0,0.0,0.0
ee5dea44acbe81bf1c530899ea93063d,45.0,1.0,0.0024607115192338,0.0,0.0024607115192338,0.0,0.0024607115192338
c9d995a90b8499e086b613efd7687778,45.0,0.0,0.3637456360738724,0.0,0.3637456360738724,0.0,0.3637456360738724
843cf9a31d0a19109d741b428acb41ab,45.0,0.0,0.0223373972112312,0.0,0.0223373972112312,0.0,0.0223373972112312
f114a333e75f3209bfacc1739414a247,45.0,1.0,0.0,0.0,0.0,0.0,0.0
fac2634642a4aeb6a960d03c1e9087a1,45.0,0.0,0.0488111251033842,0.0,0.0488111251033842,0.0,0.0488111251033842
e1916d4743608b8a646649a0ff563275,45.0,1.0,0.0,0.0,0.0,0.0,0.0
2b1d4d83c7bd6d196fbaa5c602964180,45.0,0.0,0.2398877218365669,0.0,0.2398877218365669,0.0,0.2398877218365669
dff9a55686f846d6ae1b1e83a337679e,45.0,0.0,0.0,0.0,0.0,0.0,0.0
45f47e6f1e32749de497bb14e6a2c05f,45.0,1.0,0.0069815317401662,0.0,0.0069815317401662,0.0,0.0069815317401662
1d8dac97b1b3d961450d7865986e1bbd,45.0,1.0,0.0,0.0,0.0,0.0,0.0
8c0afeeff0c1b3f5e397551d8a3a5402,45.0,0.0,0.0,0.0,0.0,0.0,0.0
1832253f948b03206ab381280602b1b5,45.0,0.0,0.0,0.0,0.0,0.0,0.0
3d09e1178576ab93eb947368b1be7484,45.0,1.0,0.0574998743832111,0.0,0.0574998743832111,0.0,0.0574998743832111
3c8577519ceda940e1d37667d1d2cb0d,45.0,1.0,0.0,0.0,0.0,0.0,0.0
551dfdf20f05d3bb7e8039b2dd4c0478,45.0,0.0,0.0,0.0,0.0,0.0,0.0
bd5fa2bc9e9d30d8435aeee50cd4c35e,45.0,0.0,0.0,0.0,0.0,0.0,0.0
b4ec60ed7c51c21dbc2f972827bf78bf,45.0,0.0,0.0,0.0,0.0,0.0,0.0
c26680a25c9787bc92fb5ee265c5126e,45.0,1.0,0.0,0.0,0.0,0.0,0.0
cb12b05a7e88ee50f01d8a70660dad43,45.0,1.0,0.0,0.0,0.0,0.0,0.0
d953b06f9bcfe7f2d5e0793182ce5127,45.0,1.0,0.0,0.0,0.0,0.0,0.0
5d0a60340ff51b67286d9d7a74f064e8,45.0,1.0,0.0,0.0,0.0,0.0,0.0
1e899db7ee498508bb830d1e195b068d,45.0,0.0,0.0573840495198965,0.0,0.0573840495198965,0.0,0.0573840495198965
f75e03b3948ddb5773d2496a730af3df,45.0,0.0,0.0063155954703688,0.0,0.0063155954703688,0.0,0.0063155954703688
054a48a14e35153cc9f9264fd3f81adf,45.0,1.0,0.0,0.0,0.0,0.0,0.0
b24359513532d91804dfc9bb2e18c751,45.0,1.0,0.2285843938589096,0.0,0.2285843938589096,0.0,0.2285843938589096
579d7ee87fe3a9b2a9d3028d86e3f514,45.0,0.0,0.0453874478116631,0.0,0.0453874478116631,0.0,0.0453874478116631
5b4b59a3afc02a5ffda5484fd236e102,45.0,1.0,0.0,0.0,0.0,0.0,0.0
e5c40de17b7a55b9b42a69b229b1d08e,45.0,1.0,0.0,0.0,0.0,0.0,0.0
1593250cb4aa79402cd116909c7f4e32,45.0,0.0,0.0,0.0,0.0,0.0,0.0
a903cdaf9b691fcb48b7f6c423c53fa3,45.0,0.0,0.0,0.0,0.0,0.0,0.0
d58a9e4e01e61e362bb76ab96d0859f8,45.0,1.0,0.1062149158678948,0.0,0.1062149158678948,0.0,0.1062149158678948
8c938a580b825091cdb4faaac9264225,45.0,0.0,0.0,0.0,0.0,0.0,0.0
caae9d86b6994fd5964a822ba66f0ee4,45.0,1.0,0.0,0.0,0.0,0.0,0.0
677f3a399a42e53640895469975897ae,45.0,0.0,0.0268358998000621,0.0,0.0268358998000621,0.0,0.0268358998000621
dd57a6d51061e6cd88ccdfb6cbc3ea8a,45.0,1.0,0.0,0.0,0.0,0.0,0.0
5eee9561decb29e7ad214203fd111adc,45.0,1.0,0.0,0.0,0.0,0.0,0.0
10c96532ae3a5c297a070140e0b80f25,45.0,0.0,1.1359051056206226,0.0,1.1359051056206226,0.0,1.1359051056206226
27015ef9b8b2f3106a07cd0685b64928,45.0,0.0,0.0,0.0,0.0,0.0,0.0
53bf5eed35002517a83683b7ecbb80dd,45.0,0.0,3.485050469636917,0.0,3.485050469636917,0.0,3.485050469636917
7d07d622d84e6a85092e84b7d5c35bc5,45.0,0.0,0.1592000871896743,0.0,0.1592000871896743,0.0,0.1592000871896743
1104dc0441ce6100acb1e8950c436420,45.0,1.0,0.0782762318849563,0.0,0.0782762318849563,0.0,0.0782762318849563
d0843319b2ec9bdee66586f4ffde4a40,45.0,0.0,0.0584576614201068,0.0,0.0584576614201068,0.0,0.0584576614201068
a278bf46434f9be44564b4c5598f8e00,45.0,1.0,0.0,0.0,0.0,0.0,0.0
5b09ba85ff0db6bc44420348c475c55a,45.0,0.0,0.0301872435957193,0.0,0.0301872435957193,0.0,0.0301872435957193
f2e90ec9fe4d150559390478395e2c9e,45.0,1.0,0.0,0.0,0.0,0.0,0.0
3a18d38328d6341aa2bd3bf6e4915e06,45.0,1.0,0.0,0.0,0.0,0.0,0.0
a8c2ca3875933c810a546061866bd56e,45.0,1.0,0.0,0.0,0.0,0.0,0.0
90f8d86c624f4561ce395fd5343bb92d,45.0,0.0,0.0,0.0,0.0,0.0,0.0
a49978ff3556eac385465be1ef00119b,45.0,1.0,0.1573553010821342,0.0,0.1573553010821342,0.0,0.1573553010821342
3ecb552cc77dab6cf45918aed01f1b31,45.0,1.0,0.0,0.0,0.0,0.0,0.0
64e8f91b9da2185afc9bd477dfb544b7,45.0,1.0,0.0,0.0,0.0,0.0,0.0
6ee8386e1f5813d4614aa22a1c1837b9,45.0,0.0,0.002288999967277,0.0,0.002288999967277,0.0,0.002288999967277
0cdb4735b97e9b1b36e22bb11a40ee60,45.0,1.0,0.0,0.0,0.0,0.0,0.0
de27d201afbbec1a636ca848991d8071,45.0,1.0,0.0335993766784668,0.0,0.0335993766784668,0.0,0.0335993766784668
2dd29bfd29e1a7fef23a597d24855f23,45.0,0.0,0.2034909725189209,0.0,0.2034909725189209,0.0,0.2034909725189209
c09a3f121b6fe79560cd185b7261fd6e,45.0,1.0,0.0,0.0,0.0,0.0,0.0
fdc0dc9aa1dfc9a895be7fa53d41bfcf,45.0,1.0,0.0,0.0,0.0,0.0,0.0
43dda4270311b9d0623c2727b8c4cdf0,45.0,0.0,0.0,0.0,0.0,0.0,0.0
4b6e2ff70ca5eef1f085fd7d31c8cf2b,45.0,1.0,0.0,0.0,0.0,0.0,0.0
2d5a08c280dad7a26b09fd4360983fda,45.0,1.0,0.0,0.0,0.0,0.0,0.0
49493b55962abb86bc01d102dfe9ffa3,45.0,0.0,0.0,0.0,0.0,0.0,0.0
3b3f0e955fc896cb6864c375773f6fe6,45.0,0.0,0.0,0.0,0.0,0.0,0.0
6c3069895281d7c1bbf5bc1912e9326b,45.0,0.0,0.0,0.0,0.0,0.0,0.0
fad823447f85bb5cc8a1305c7a850b29,45.0,0.0,1.173947960138321,0.0,1.173947960138321,0.0,1.173947960138321
3b5beed94b681eba3228b57f177e6cd2,45.0,1.0,0.0,0.0,0.0,0.0,0.0
46551f8c6992e8710d3f58439262e0f3,45.0,0.0,0.0365836694836616,0.0,0.0365836694836616,0.0,0.0365836694836616
a69f623ab73fddafb49cb17eb735bbc2,45.0,0.0,0.0173214226961135,0.0,0.0173214226961135,0.0,0.0173214226961135
e52f1f5bddad05d8b02a70c5295ccc85,45.0,0.0,0.0,0.0,0.0,0.0,0.0
81c1f33ffe37998495986b002c04095b,45.0,0.0,0.0,0.0,0.0,0.0,0.0
fb3c768aeb56011e95e7b104730802ba,45.0,0.0,0.0,0.0,0.0,0.0,0.0
d9da7b50cd979f50058319420c2f29f2,45.0,0.0,0.0,0.0,0.0,0.0,0.0
f7a4ddb5f811f33981c9bd537339f1e0,45.0,0.0,0.0,0.0,0.0,0.0,0.0
dc356365e92ab4e3d6d324ab21dc24bc,45.0,1.0,0.0,0.0,0.0,0.0,0.0
5daf21a063c16ef617284e7f1e34860b,45.0,0.0,0.0,0.0,0.0,0.0,0.0
035a9dbdbe22de8c3a2a1541c4c3c5d3,45.0,0.0,0.0,0.0,0.0,0.0,0.0
d00a908fd26d30310f6b46fef9d0cca5,45.0,1.0,0.0,0.0,0.0,0.0,0.0
68c768c4b80030bc5bc518bc405cfaf6,45.0,1.0,0.0,0.0,0.0,0.0,0.0
8f5aa2a002efd114e0787b61e77c3d15,45.0,1.0,0.0141595173627138,0.0,0.0141595173627138,0.0,0.0141595173627138
f257fd609aa19b21568930cf368f979e,45.0,0.0,0.0,0.0,0.0,0.0,0.0
7734439ed4750cad2938286dff83c830,45.0,0.0,0.0292951794108375,0.0,0.0292951794108375,0.0,0.0292951794108375
482b93e6206e68c66d48227b5f852f2d,45.0,0.0,0.0,0.0,0.0,0.0,0.0
f3579f0974b241a1eb70d40706161b05,45.0,1.0,0.0,0.0,0.0,0.0,0.0
16ca4e71e814cb252dddf70a006b9f23,45.0,0.0,0.0,0.0,0.0,0.0,0.0
515f7640b472221581b3665d497d4e44,45.0,1.0,0.0,0.0,0.0,0.0,0.0
566ecdc0985b7574aea64161c90739b8,45.0,1.0,0.0,0.0,0.0,0.0,0.0
1c59405cb1df704450dd1194c336d64b,45.0,1.0,0.0898331850767135,0.0,0.0898331850767135,0.0,0.0898331850767135
3314e9fa8152466237aff79175406480,45.0,0.0,0.0,0.0,0.0,0.0,0.0
3723a054ed75572530f5c6d7d368a9f5,45.0,1.0,0.0,0.0,0.0,0.0,0.0
ab8a9f9d758d1fca62868c139cb47d59,45.0,0.0,0.0,0.0,0.0,0.0,0.0
f2cd1d93783b8c027be3245a5b415392,45.0,0.0,0.0,0.0,0.0,0.0,0.0
798068053d366492208c6071d4f115ec,45.0,0.0,0.0,0.0,0.0,0.0,0.0
bb0b20fa6a5f5e89c0e2dc1025818827,45.0,0.0,0.0012103378539904,0.0,0.0012103378539904,0.0,0.0012103378539904
77df74e71178f5d487e0de4a7f9eb788,45.0,0.0,0.0842651684070006,0.0,0.0842651684070006,0.0,0.0842651684070006
274b559b255c42c46ec3218753cd99ec,45.0,0.0,0.2089155708672478,0.0,0.2089155708672478,0.0,0.2089155708672478
18e14a6cff215a7295e64d7d2f230aad,45.0,1.0,0.0350250005722045,0.0,0.0350250005722045,0.0,0.0350250005722045
d6c759f3a9be6af39f4b7411120899de,45.0,1.0,0.0,0.0,0.0,0.0,0.0
e305cd5f134e3034e904b70c1259e638,45.0,0.0,0.0,0.0,0.0,0.0,0.0
798ef582e076a015dfe1ffdc7167b50c,45.0,1.0,0.0,0.0,0.0,0.0,0.0
f5e52c2931236ecb5124146fc0a03479,45.0,0.0,0.0,0.0,0.0,0.0,0.0
a45fe584acc4e9842227e576af847864,45.0,1.0,0.0,0.0,0.0,0.0,0.0
1671fe81a83e3158a798d853c96ab4b5,45.0,1.0,0.0,0.0,0.0,0.0,0.0
92e10b802769577e34808feada3b87e6,45.0,1.0,0.0,0.0,0.0,0.0,0.0
c575ff0b4176c0a8957622517cce3556,45.0,0.0,0.1097186207771301,0.0,0.1097186207771301,0.0,0.1097186207771301
b3e3826b4a9b1f2593b49ccdb5a3e181,45.0,1.0,0.0,0.0,0.0,0.0,0.0
6619e62f93c147c29fe77d8645c8fbd6,45.0,0.0,0.0,0.0,0.0,0.0,0.0
a110876cceb829fc466c333f1dcd6460,45.0,1.0,0.0,0.0,0.0,0.0,0.0
963255ee592676ee9173d1a7ffb14395,45.0,0.0,0.0006650740979239,0.0,0.0006650740979239,0.0,0.0006650740979239
985b6932cf8699cb930697f5edc90b94,45.0,0.0,0.0138137927278876,0.0,0.0138137927278876,0.0,0.0138137927278876
13af460aa69f841d2f1a0e93e34bb0ed,45.0,0.0,0.0,0.0,0.0,0.0,0.0
9ccbb9415d629dde3847e68f2bd8cd6c,45.0,0.0,0.0028409324586391,0.0,0.0028409324586391,0.0,0.0028409324586391
4f924e5adf3df8e98bb424111675ee7d,45.0,0.0,0.0015672905137762,0.0,0.0015672905137762,0.0,0.0015672905137762
32c5a33ad629b58a4c3513e7f86e8c72,45.0,0.0,0.0,0.0,0.0,0.0,0.0
51b219ae293782ea729ca9d7cdd06785,45.0,0.0,0.0,0.0,0.0,0.0,0.0
a0de86e780275ed65b59d1a56e312d3f,45.0,1.0,0.0237380736507475,0.0,0.0237380736507475,0.0,0.0237380736507475
b5c18c9a66dbd31a1b0991c0729919a1,45.0,1.0,0.0,0.0,0.0,0.0,0.0
855b93cf72e88e8dc2d9ad9e648e4406,45.0,1.0,0.008171304827556,0.0,0.008171304827556,0.0,0.008171304827556
e798a938a3dc7e903d6f969a979f7931,45.0,1.0,0.0273075924196746,0.0,0.0273075924196746,0.0,0.0273075924196746
75cbcf12d309b84da962740ec82e2718,45.0,0.0,0.0175131629221141,0.0,0.0175131629221141,0.0,0.0175131629221141
4a80017521837452562084831d83b4f9,45.0,1.0,0.0,0.0,0.0,0.0,0.0
2edc69c982fa41b870eefa104b896e93,45.0,0.0,0.0,0.0,0.0,0.0,0.0
199d332e4fe1265b2df04a53a16be797,45.0,1.0,0.0,0.0,0.0,0.0,0.0
30efdf1fbdcf64ed39e80668fc377da0,45.0,0.0,0.3427580459974706,0.0,0.3427580459974706,0.0,0.3427580459974706
a9ccbb9b1481df7de8fa5e3193b92e70,45.0,1.0,0.0,0.0,0.0,0.0,0.0
c2431c1a9b03120853ec6ddb7bc07be3,45.0,0.0,0.1219172589480876,0.0,0.1219172589480876,0.0,0.1219172589480876
d15ddb115853e77b9c349e35e7a07a4a,45.0,0.0,0.0,0.0,0.0,0.0,0.0
08120bc2c5bd1c4fac5340443916ee30,45.0,0.0,0.0,0.0,0.0,0.0,0.0
f8df4a891c5df4da2b35dc8eff7614d3,45.0,1.0,0.0241428557783365,0.0,0.0241428557783365,0.0,0.0241428557783365
f36f275cc9fb8c4b6d3bee695c721551,45.0,0.0,0.0,0.0,0.0,0.0,0.0
232a6bb3b80216edae9a3b525997350c,45.0,1.0,0.0637238123454153,0.0,0.0637238123454153,0.0,0.0637238123454153
918f551e28e61d663516e8d6afd7cfe2,45.0,1.0,0.0,0.0,0.0,0.0,0.0
735ad1ea93c2c06dbbd355466aaa593a,45.0,1.0,0.0,0.0,0.0,0.0,0.0
f7edc3f77cbc2ef7e805aebfe953ecb9,45.0,1.0,0.1759491711854934,0.0,0.1759491711854934,0.0,0.1759491711854934
83b52d8be642cf0663881509860c26db,45.0,0.0,0.0,0.0,0.0,0.0,0.0
56ee2599a0c69c57f7b913188afe709c,45.0,0.0,0.0,0.0,0.0,0.0,0.0
686edb1222d8d70aca0238a6d7a2fcdc,45.0,0.0,0.0,0.0,0.0,0.0,0.0
fa548631a4eacb868fa9f73ee61de352,45.0,1.0,0.0,0.0,0.0,0.0,0.0
156e7813ff3af77e95f2ebec0d47e024,45.0,1.0,0.0,0.0,0.0,0.0,0.0
f45b3b42a09e1adba6a18125fe1ab332,45.0,1.0,0.0,0.0,0.0,0.0,0.0
629db3801bc7427ba35bb8686e7efd6e,45.0,1.0,0.0,0.0,0.0,0.0,0.0
3e022639263340934e9888e6fcc3862b,45.0,1.0,0.0112449078587815,0.0,0.0112449078587815,0.0,0.0112449078587815
22a6fc0ba715d7dd06ef3a7c72eb8d3a,45.0,1.0,0.0046746848383918,0.0,0.0046746848383918,0.0,0.0046746848383918
816807a4fb71c2c0bb61d192b581d809,45.0,1.0,0.0,0.0,0.0,0.0,0.0
28442efd3c7867e7efcd959c82774fba,45.0,0.0,0.0,0.0,0.0,0.0,0.0
f41ef9c3112b6e6e090a602471e6ca5b,45.0,1.0,0.0157629698514938,0.0,0.0157629698514938,0.0,0.0157629698514938
ab62ced18c67692a6e16a27d0af19ee7,45.0,1.0,0.2157085835933685,0.0,0.2157085835933685,0.0,0.2157085835933685
d764a94aec31951de189924bd136ee59,45.0,0.0,0.0,0.0,0.0,0.0,0.0
90a7482b1ac79f650e4e6e70cb4f285e,45.0,0.0,0.0458586998283863,0.0,0.0458586998283863,0.0,0.0458586998283863
4d158dd5252f828bc92212b475dea613,45.0,0.0,0.4026600830256939,0.0,0.4026600830256939,0.0,0.4026600830256939
4129a55149b98dc26bdeb306d8ccceb3,45.0,0.0,0.0242267786525189,0.0,0.0242267786525189,0.0,0.0242267786525189
7ae98c4aa845cff9bc0df7ca04a61399,45.0,1.0,0.0148367006331682,0.0,0.0148367006331682,0.0,0.0148367006331682
8cf87a62195816f9c8ba0a2abeddeb02,45.0,1.0,0.0,0.0,0.0,0.0,0.0
174783f72db0cfc2fa4bfe9deb3d848e,45.0,1.0,0.0053575001657009,0.0,0.0053575001657009,0.0,0.0053575001657009
185f978ccb4ccf9ea163481420c11cfa,45.0,0.0,0.009093671105802,0.0,0.009093671105802,0.0,0.009093671105802
2ef7dc5dee706d6b5600761f3c09f6e5,45.0,0.0,0.0,0.0,0.0,0.0,0.0
60cc1c4c2eeb800881565c0e71863f89,45.0,1.0,0.0,0.0,0.0,0.0,0.0
dd940cbd0d13e0c068a8f7418efd52e5,45.0,1.0,0.0,0.0,0.0,0.0,0.0
143dd6bc4b0b33b2aac101c7e346cba0,45.0,0.0,0.0,0.0,0.0,0.0,0.0
1ae16cf745a7ae9529eb66e16cb07d6e,45.0,0.0,0.0,0.0,0.0,0.0,0.0
23c45fd2c80d19517cdca18158974c46,45.0,0.0,0.0,0.0,0.0,0.0,0.0
6b4c82a9c1e65aa5cd7431e14bc06ece,45.0,0.0,0.0,0.0,0.0,0.0,0.0
6fe79e5a70923de5c2a7b2369ce68410,45.0,0.0,0.0737451765453443,0.0,0.0737451765453443,0.0,0.0737451765453443
7e27ae015ec3d0a87d5bb1ca2e186263,45.0,1.0,0.0678414944559335,0.0,0.0678414944559335,0.0,0.0678414944559335
6bd06e1c98bcc3158d7271d7376945d3,45.0,0.0,1.110967218875885,0.0,1.110967218875885,0.0,1.110967218875885
f55d2c713a1e0776612d9a64d390ea56,45.0,0.0,0.0,0.0,0.0,0.0,0.0
0fde8cbb84faf97a5a62090ab0a20a64,45.0,0.0,0.0,0.0,0.0,0.0,0.0
3de20719be5dd123a24d7591e05b0f10,45.0,1.0,0.0,0.0,0.0,0.0,0.0
b8ed32edca6bcfb3e2d4e16421970443,45.0,0.0,0.6639565713703632,0.0,0.6639565713703632,0.0,0.6639565713703632
2fc698dbb554d94507e207badc30b539,45.0,1.0,0.0,0.0,0.0,0.0,0.0
6dfd14f4113eafb81a5ee7d008b9543e,45.0,1.0,0.0,0.0,0.0,0.0,0.0
ae1dd0c2f461a274334f4c3bb329b7f1,45.0,1.0,0.0,0.0,0.0,0.0,0.0
49eab4d30bb2aa13a76c8dfdb27d5a59,45.0,1.0,0.4811282567679882,0.0,0.4811282567679882,0.0,0.4811282567679882
b7f0fa73808b2fc3596db381b98ba5b8,45.0,0.0,0.059461960569024,0.0,0.059461960569024,0.0,0.059461960569024
60cba717641c787b6de6f3d95400571d,45.0,0.0,0.0,0.0,0.0,0.0,0.0
25dcb794622c8e06a932bce12252b52e,45.0,1.0,0.0099999997764825,0.0,0.0099999997764825,0.0,0.0099999997764825
f467156752afdefc98ac95eabaa847a6,45.0,0.0,0.0,0.0,0.0,0.0,0.0
0c98981dcf31c204a075d2ee16070c83,45.0,1.0,0.1846301863261032,0.0,0.1846301863261032,0.0,0.1846301863261032
08ad306e7e028d7a580f6400730a50c8,45.0,0.0,0.0,0.0,0.0,0.0,0.0
7c926e370a5eeccc1d45db2ec206df2a,45.0,1.0,0.0,0.0,0.0,0.0,0.0
23b34b9be9e50310dad5625c837148ab,45.0,1.0,1.2980938255786896,0.0,1.2980938255786896,0.0,1.2980938255786896
75e643d3d4a293b3634225fdd335f0a3,45.0,0.0,0.0,0.0,0.0,0.0,0.0
ddec184e12c0b7991c88276259ec7c38,45.0,1.0,0.0,0.0,0.0,0.0,0.0
a6a77b894092abf8bc802ebb79e31f64,45.0,1.0,0.0,0.0,0.0,0.0,0.0
f391bbc032ffb3940fd9e5d854718a0b,45.0,1.0,0.2880124077200889,0.0,0.2880124077200889,0.0,0.2880124077200889
36bb8e817a5a813afaf2067e3256a82b,45.0,0.0,0.0677316526416689,0.0,0.0677316526416689,0.0,0.0677316526416689
c25e621d0beb805deb9b2615a241846e,45.0,0.0,0.0,0.0,0.0,0.0,0.0
996c83abd73a401fb19173e697ff6c77,45.0,1.0,0.3180537661537528,0.0,0.3180537661537528,0.0,0.3180537661537528
418fd9d29a13c1242f98ad669cb53e7f,45.0,0.0,0.0,0.0,0.0,0.0,0.0
10462a4446fb522beefd5283ae8d3964,45.0,0.0,0.027175260707736,0.0,0.027175260707736,0.0,0.027175260707736
7acb0cb197703d3187c074b09d502ce7,45.0,0.0,0.0,0.0,0.0,0.0,0.0
7c4a453ace93f629d3bfd97054a3bd7e,45.0,0.0,0.0087741962634027,0.0,0.0087741962634027,0.0,0.0087741962634027
a0f90ea8b565cc1f3b3b8359c2b59d92,45.0,1.0,0.1053167395293712,0.0,0.1053167395293712,0.0,0.1053167395293712
8f2699a6788a4f4726b0d07c62cabb24,45.0,0.0,0.0,0.0,0.0,0.0,0.0
16af3d02dc2ca8632ab301fd5acd41fe,45.0,0.0,0.0,0.0,0.0,0.0,0.0
65723232e50116a6ffc0c7bbe27ef823,45.0,1.0,0.0,0.0,0.0,0.0,0.0
f72812c62d183bec1011857a50d6bbf3,45.0,1.0,0.0,0.0,0.0,0.0,0.0
6de537c62a38ce7d17e4cd50b6b61493,45.0,1.0,0.164086889475584,0.0,0.164086889475584,0.0,0.164086889475584
f120085877bb83607a9d4696581193d8,45.0,1.0,0.1439374983310699,0.0,0.1439374983310699,0.0,0.1439374983310699
45de355ea26f0c2070aa8d4c404cc4df,45.0,0.0,0.0097502339631319,0.0,0.0097502339631319,0.0,0.0097502339631319
5c10d29016cf5216233d480cbbb76ee8,45.0,1.0,2.296380192041397,11.838428,2.296380192041397,11.838428,14.134808192041397
e70804a55d24f0cee8c8312c2f0211d4,45.0,1.0,0.0,0.0,0.0,0.0,0.0
3c7ea67c6b8104fff83b8f31695a5c7a,45.0,0.0,28.967626094818115,14.99,28.967626094818115,14.99,43.95762609481812
2a6dcd6d0d3a939a3f6efba2994bc46e,45.0,0.0,0.0,0.0,0.0,0.0,0.0
c8dc8f1f4ffaac428b4619a04ca44cfc,45.0,1.0,0.0057007046416401,0.0,0.0057007046416401,0.0,0.0057007046416401
9c45bcb59caa22c27a3a4ea45dcc7562,45.0,1.0,0.1474123650696128,0.0,0.1474123650696128,0.0,0.1474123650696128
989afe5f1279c826e2f30ff4d16e7cd9,45.0,1.0,0.0220322608947753,0.0,0.0220322608947753,0.0,0.0220322608947753
adb3b963d157d287796f4c68f14fad01,45.0,0.0,0.0,0.0,0.0,0.0,0.0
ee5e1e70f85e6759db4bda4949036202,45.0,1.0,0.0,0.0,0.0,0.0,0.0
40e0e2d2a948ee9447d68e40bca6bdc2,45.0,1.0,0.1333363279700279,0.0,0.1333363279700279,0.0,0.1333363279700279
8722843f6e541954a10c60a5540a3b38,45.0,1.0,0.0,0.0,0.0,0.0,0.0
b577d0148a8708c0c84136159e5f504a,45.0,1.0,0.0931412624195218,0.0,0.0931412624195218,0.0,0.0931412624195218
c9690037440318c967a3353308b219ee,45.0,0.0,0.0547120086848735,0.0,0.0547120086848735,0.0,0.0547120086848735
a39263e8517b55abda860c47ce981875,45.0,0.0,0.0731713697314262,0.0,0.0731713697314262,0.0,0.0731713697314262
c82e12f002e938b9bd9bc215ea782721,45.0,1.0,0.0,0.0,0.0,0.0,0.0
321eeb71fc1cb8e373944536f3772b6c,45.0,0.0,0.0,0.0,0.0,0.0,0.0
8154178e2bbeb0ddc98ab78e188ae428,45.0,0.0,0.3697638288140297,0.0,0.3697638288140297,0.0,0.3697638288140297
5bf8e9fbf533ed712cdeeab450cc0e5b,45.0,0.0,0.0,0.0,0.0,0.0,0.0
b9ae815de3cb51052cdd37b81885ff87,45.0,0.0,0.0,0.0,0.0,0.0,0.0
3c05c9304b370346f0950cbe8cd2b62d,45.0,0.0,0.0,0.0,0.0,0.0,0.0
743916938aa3778de7fe6f2d2ce66447,45.0,0.0,0.4662466119043529,0.0,0.4662466119043529,0.0,0.4662466119043529
c762f2d16b9e77518ee347bbb102a36d,45.0,1.0,0.0,0.0,0.0,0.0,0.0
3c5140dc9bd91f379679d12e79ef62b1,45.0,1.0,0.0,0.0,0.0,0.0,0.0
23a7457190ffcf568bf13ad5a1acb446,45.0,0.0,1.3111201524734497,0.0,1.3111201524734497,0.0,1.3111201524734497
59c4e7d1e1c91ceed23e71dcf3432ba1,45.0,0.0,0.0,0.0,0.0,0.0,0.0
03d3759e483533f9512ec33cd4d37b8a,45.0,0.0,0.5051681324839592,0.0,0.5051681324839592,0.0,0.5051681324839592
1877544027aaa1671e6797841cc103ad,45.0,1.0,2.6395614743232727,0.0,2.6395614743232727,0.0,2.6395614743232727
a6fe8ef0e7a8a120b0a20a35122283d0,45.0,1.0,0.0288050584495067,0.0,0.0288050584495067,0.0,0.0288050584495067
1e4c81f38c37337f5a4c28c793c0e439,45.0,0.0,0.0224747862666845,0.0,0.0224747862666845,0.0,0.0224747862666845
af505e85756907f6be277baeb2fb534c,45.0,0.0,0.0,0.0,0.0,0.0,0.0
e0dd01d98b76ffb707450b6bb21800eb,45.0,0.0,0.0,0.0,0.0,0.0,0.0
9b7ee3940afecc6861c6ee4f3425718b,45.0,1.0,0.0,0.0,0.0,0.0,0.0
55979709095e567eddbb9513279d8387,45.0,0.0,4.47342924028635,0.0,4.47342924028635,0.0,4.47342924028635
dc55b61f3fa3527521fb7a6a510484ad,45.0,1.0,0.0,0.0,0.0,0.0,0.0
91f3cdadb42fb0a262e4579c2f0c0e93,45.0,1.0,0.1000000014901161,0.0,0.1000000014901161,0.0,0.1000000014901161
ddb47926d9b7edcbfbec0e4ee71af8a0,45.0,1.0,0.0,0.0,0.0,0.0,0.0
ef1def161b0fa3de787c407f0c517ff2,45.0,1.0,0.0,0.0,0.0,0.0,0.0
a8040b9b2dc44d170e59abd6c359e24f,45.0,0.0,0.1356926262378692,0.0,0.1356926262378692,0.0,0.1356926262378692
d0dd5117e1cfe2fa748e0b74d82dedfc,45.0,1.0,0.0449776910245418,0.0,0.0449776910245418,0.0,0.0449776910245418
622cd2c93b14cc957ab1572ff166eb0a,45.0,0.0,0.397937998175621,0.0,0.397937998175621,0.0,0.397937998175621
786b58c98d58007f0cab4392562ff2f0,45.0,0.0,1.2671372890472412,0.0,1.2671372890472412,0.0,1.2671372890472412
c3d7dfc8b33df0b7d0911469bd62b95c,45.0,0.0,0.0,0.0,0.0,0.0,0.0
ddec1e8ba32ebcf698b41587419eddf3,45.0,1.0,0.0,0.0,0.0,0.0,0.0
cb157785e37f88a0ebcb74f57f7be667,45.0,0.0,0.0,0.0,0.0,0.0,0.0
23aa9782aa06b3783600402b36a86028,45.0,0.0,0.0688205137848854,0.0,0.0688205137848854,0.0,0.0688205137848854
ff63b3651d07548f2f7018fd21ab6745,45.0,1.0,10.125012934207916,0.0,10.125012934207916,0.0,10.125012934207916
23027cd7481d351a07240ee7bfc05685,45.0,1.0,0.0,0.0,0.0,0.0,0.0
a915aade295a0f46a18ead23d36cf39c,45.0,0.0,0.0,0.0,0.0,0.0,0.0
adb8e23cc72136377cec371c8a387c59,45.0,1.0,0.200023703277111,0.0,0.200023703277111,0.0,0.200023703277111
9ff365bb3c91c065190d7cbcfa79aee5,45.0,0.0,0.190819926559925,0.0,0.190819926559925,0.0,0.190819926559925
92308157835b4566e009cad5d5251e68,45.0,1.0,0.0,0.0,0.0,0.0,0.0
3ae3c345ae2b0417e32876f12b5b6af2,45.0,0.0,0.0323533527553081,0.0,0.0323533527553081,0.0,0.0323533527553081
71af7199a9037393196f3e57b284f82c,45.0,0.0,0.0,0.0,0.0,0.0,0.0
98b8ece8739c04843a5c0d489786914b,45.0,1.0,0.0,0.0,0.0,0.0,0.0
fce572a503222fb61e2dfe9b8948bd58,45.0,0.0,0.0,0.0,0.0,0.0,0.0
a5d23e7ba67c65af61a810df6961fe7a,45.0,1.0,0.0,0.0,0.0,0.0,0.0
6d9f530964694271c1af03c43848edd2,45.0,1.0,0.0,0.0,0.0,0.0,0.0
b06029cec33a10e0dddcf0864888106f,45.0,0.0,0.1324706235900521,0.0,0.1324706235900521,0.0,0.1324706235900521
e67af7f9c931f3bbdadcc2a3da1b00d5,45.0,1.0,0.0,0.0,0.0,0.0,0.0
474778c92fa2569bfac98e249276ba92,45.0,1.0,0.0128598253941163,0.0,0.0128598253941163,0.0,0.0128598253941163
42f228f4d148406b2388eb85253b5dd8,45.0,0.0,0.0,0.0,0.0,0.0,0.0
7269885c16004040c29062dfc46816a1,45.0,0.0,0.0,0.0,0.0,0.0,0.0
be4d67628ea9d3d41d10a46a2d74fb69,45.0,1.0,0.0696508545661345,0.0,0.0696508545661345,0.0,0.0696508545661345
08ddbcbe0c45edabfc0ac34e97756868,45.0,1.0,0.100956134032458,0.0,0.100956134032458,0.0,0.100956134032458
efe8482d9b5b82611c33897b8ec8f446,45.0,0.0,0.0,0.0,0.0,0.0,0.0
69d1424cca715b40716f12314bffc056,45.0,0.0,0.0015033984091132,0.0,0.0015033984091132,0.0,0.0015033984091132
ba3f6db629ecf3d1b9fe8dac1b13bd57,45.0,1.0,0.0,0.0,0.0,0.0,0.0
4dc71371d8d32ad5d9e515d1d725eaa3,45.0,1.0,0.0,0.0,0.0,0.0,0.0
f3f593fe18338f523262a427fb53cde8,45.0,1.0,0.0,0.0,0.0,0.0,0.0
79d489ad56f028f232ab813928ad3349,45.0,0.0,0.0,0.0,0.0,0.0,0.0
f656cc2f517b3771cbb80cebdbcf48f8,45.0,1.0,1.5303939003497362,0.0,1.5303939003497362,0.0,1.5303939003497362
9928b051a88cc1d56235001b3df5d073,45.0,1.0,0.0078864200040698,0.0,0.0078864200040698,0.0,0.0078864200040698
bdff4a46fbb6ae8696c8f6a957b16e2d,45.0,0.0,0.0079851197078824,0.0,0.0079851197078824,0.0,0.0079851197078824
5106a0e13a93c22f139092be1e0ca7c4,45.0,0.0,0.0,0.0,0.0,0.0,0.0
e1f7a46ca96c9a25d0d4af6ffab4ba90,45.0,0.0,0.0,0.0,0.0,0.0,0.0
56ffa5dba3dac3b5436755bf772b65c5,45.0,1.0,0.0196278542280197,0.0,0.0196278542280197,0.0,0.0196278542280197
7480c9408a52b8801369c9529d0c392c,45.0,1.0,0.0,0.0,0.0,0.0,0.0
dda2d9b3db59a6435be16b6d7bc453ab,45.0,0.0,0.0,0.0,0.0,0.0,0.0
d0866fa7ad0269c33acac5beac527ca1,45.0,1.0,0.192179067293182,0.0,0.192179067293182,0.0,0.192179067293182
6bc18ed2fac759c24509a3b2161f7b42,45.0,1.0,0.0222151511115953,0.0,0.0222151511115953,0.0,0.0222151511115953
1ba80f2ee8f3cbfad2d722d5e0152794,45.0,0.0,0.0,0.0,0.0,0.0,0.0
3911655626bde0464aaa01d64229d43c,45.0,1.0,0.0,0.0,0.0,0.0,0.0
5c068cbf7eb41cfe92dd15b4861d7bf8,45.0,0.0,0.0,0.0,0.0,0.0,0.0
2385030a40f215ff7d487b0daf08dfd0,45.0,1.0,0.019467195495963,0.0,0.019467195495963,0.0,0.019467195495963
0493303192813320241c1252ab01b585,45.0,1.0,1.714072123169899,11.838428,1.714072123169899,11.838428,13.5525001231699
567c9fc9a67301a6373a26cacc522b0b,45.0,1.0,0.0011767705436795,0.0,0.0011767705436795,0.0,0.0011767705436795
5c34705a05d148221ff8e0bf53593ea7,45.0,0.0,0.0725375437177717,0.0,0.0725375437177717,0.0,0.0725375437177717
75c2476619ee55979accbf88559bf7bb,45.0,0.0,0.0,0.0,0.0,0.0,0.0
ade529e85fef1ef8570cbcff4fd94f68,45.0,1.0,0.0043402733281254,0.0,0.0043402733281254,0.0,0.0043402733281254
d076a89b86f58239272c6aa92f49f24a,45.0,0.0,0.0,0.0,0.0,0.0,0.0
c8eac02194f2f27dc0141ee454e4233c,45.0,0.0,0.0099999997764825,0.0,0.0099999997764825,0.0,0.0099999997764825
d6a72302b5c03a9510dfdfecc93ced91,45.0,0.0,0.0,0.0,0.0,0.0,0.0
7ab53ff34e6d8fd51d6025349fe4efb9,45.0,1.0,0.0,0.0,0.0,0.0,0.0
b701cd304ccb74078087762b5582c61b,45.0,1.0,0.0,0.0,0.0,0.0,0.0
950e6244e750418d609e597ad8131553,45.0,0.0,0.0,0.0,0.0,0.0,0.0
